[
    {
        "name": "Thành phố Hà Nội",
        "code": 1
    },
    {
        "name": "Hà Giang",
        "code": 2
    },
    {
        "name": "Cao Bằng",
        "code": 4
    },
    {
        "name": "Bắc Kạn",
        "code": 6
    },
    {
        "name": "Tuyên Quang",
        "code": 8
    },
    {
        "name": "Lào Cai",
        "code": 10
    },
    {
        "name": "Điện Biên",
        "code": 11
    },
    {
        "name": "Lai Châu",
        "code": 12
    },
    {
        "name": "Sơn La",
        "code": 14
    },
    {
        "name": "Yên Bái",
        "code": 15
    },
    {
        "name": "Hoà Bình",
        "code": 17
    },
    {
        "name": "Thái Nguyên",
        "code": 19
    },
    {
        "name": "Lạng Sơn",
        "code": 20
    },
    {
        "name": "Quảng Ninh",
        "code": 22
    },
    {
        "name": "Bắc Giang",
        "code": 24
    },
    {
        "name": "Phú Thọ",
        "code": 25
    },
    {
        "name": "Vĩnh Phúc",
        "code": 26
    },
    {
        "name": "Bắc Ninh",
        "code": 27
    },
    {
        "name": "Hải Dương",
        "code": 30
    },
    {
        "name": "Thành phố Hải Phòng",
        "code": 31
    },
    {
        "name": "Hưng Yên",
        "code": 33
    },
    {
        "name": "Thái Bình",
        "code": 34
    },
    {
        "name": "Hà Nam",
        "code": 35
    },
    {
        "name": "Nam Định",
        "code": 36
    },
    {
        "name": "Ninh Bình",
        "code": 37
    },
    {
        "name": "Thanh Hóa",
        "code": 38
    },
    {
        "name": "Nghệ An",
        "code": 40
    },
    {
        "name": "Hà Tĩnh",
        "code": 42
    },
    {
        "name": "Quảng Bình",
        "code": 44
    },
    {
        "name": "Quảng Trị",
        "code": 45
    },
    {
        "name": "Thừa Thiên Huế",
        "code": 46
    },
    {
        "name": "Thành phố Đà Nẵng",
        "code": 48
    },
    {
        "name": "Quảng Nam",
        "code": 49
    },
    {
        "name": "Quảng Ngãi",
        "code": 51
    },
    {
        "name": "Bình Định",
        "code": 52
    },
    {
        "name": "Phú Yên",
        "code": 54
    },
    {
        "name": "Khánh Hòa",
        "code": 56
    },
    {
        "name": "Ninh Thuận",
        "code": 58
    },
    {
        "name": "Bình Thuận",
        "code": 60
    },
    {
        "name": "Kon Tum",
        "code": 62
    },
    {
        "name": "Gia Lai",
        "code": 64
    },
    {
        "name": "Đắk Lắk",
        "code": 66
    },
    {
        "name": "Đắk Nông",
        "code": 67
    },
    {
        "name": "Lâm Đồng",
        "code": 68
    },
    {
        "name": "Bình Phước",
        "code": 70
    },
    {
        "name": "Tây Ninh",
        "code": 72
    },
    {
        "name": "Bình Dương",
        "code": 74
    },
    {
        "name": "Đồng Nai",
        "code": 75
    },
    {
        "name": "Bà Rịa - Vũng Tàu",
        "code": 77
    },
    {
        "name": "Thành phố Hồ Chí Minh",
        "code": 79
    },
    {
        "name": "Long An",
        "code": 80
    },
    {
        "name": "Tiền Giang",
        "code": 82
    },
    {
        "name": "Bến Tre",
        "code": 83
    },
    {
        "name": "Trà Vinh",
        "code": 84
    },
    {
        "name": "Vĩnh Long",
        "code": 86
    },
    {
        "name": "Đồng Tháp",
        "code": 87
    },
    {
        "name": "An Giang",
        "code": 89
    },
    {
        "name": "Kiên Giang",
        "code": 91
    },
    {
        "name": "Thành phố Cần Thơ",
        "code": 92
    },
    {
        "name": "Hậu Giang",
        "code": 93
    },
    {
        "name": "Sóc Trăng",
        "code": 94
    },
    {
        "name": "Bạc Liêu",
        "code": 95
    },
    {
        "name": "Cà Mau",
        "code": 96
    }
]